{
  "homeInfo": {
    "title": "首页",
    "href": "user.html"
  },
  "logoInfo": {
    "title": "后台管理系统",
    "image": "./__PUBLIC__/images/login/logo.png",
    "href": ""
  },
  "menuInfo": [
    {
      "title": "系统管理",
      "icon": "fa fa-address-book",
      "href": "",
      "target": "_self",
      "child": [

        {
          "title": "账户管理",
          "href": "user.html",
          "icon": "fa fa-window-maximize",
          "target": "_self"
        },{
          "title": "统计",
          "href": "dashbord.html",
          "icon": "fa fa-window-maximize",
          "target": "_self"
        },
        {
          "title": "教室管理",
          "href": "roomsite.html",
          "icon": "fa fa-gears",
          "target": "_self"
        },
        {
          "title": "可申请时间段管理",
          "href": "shiduan.html",
          "icon": "fa fa-gears",
          "target": "_self"
        },
        {
          "title": "申请处理",
          "href": "yuyue.html",
          "icon": "fa fa-gears",
          "target": "_self"
        },
        {
          "title": "图书馆介绍管理",
          "href": "shop.html",
          "icon": "fa fa-gears",
          "target": "_self"
        },
        {
          "title": "手册指南",
          "href": "notice3.html",
          "icon": "fa fa-file-text",
          "target": "_self"
        },

        {
          "title": "公告通知",
          "href": "notice.html",
          "icon": "fa fa-file-text",
          "target": "_self"
        },
        {
          "title": "交流活动",
          "href": "notice2.html",
          "icon": "fa fa-file-text",
          "target": "_self"
        },
        {
          "title": "交流论坛",
          "href": "postsreplay.html",
          "icon": "fa fa-file-text",
          "target": "_self"
        }
      ]
    }
  ]
}
