<?xml version="1.0" encoding="UTF-8"?>
<!DOCTYPE mapper PUBLIC "-//mybatis.org//DTD Mapper 3.0//EN"
       "http://mybatis.org/dtd/mybatis-3-mapper.dtd">
<mapper namespace="com.ideabobo.service.DatabaseService">
	<insert id="executeAction" keyProperty="id" useGeneratedKeys="true" parameterType="String">
		${value}
	</insert>
 
	 
	<select id="findFirst" parameterType="String" resultType="java.util.Map">
		${value}
	</select>
 
 
	<select id="find" parameterType="String" resultType="java.util.Map">
		${value}
	</select>
 
 
	<select id="findCount" parameterType="String" resultType="long">
		${value}
	</select>
 
 
	<insert id="addEntity" parameterType="com.ideabobo.pojo.Params"
		useGeneratedKeys="true" keyProperty="id">
		insert into ${tables}
		<foreach collection="insertMap.keys" item="k" index="index" open="(" separator="," close=")">
			${k}
		</foreach>
		values
		<foreach collection="insertMap.values" item="v" index="index"
			open="(" separator="," close=")">
			#{v}
		</foreach>
	</insert>
 
 
	<insert id="batchAdd" parameterType="com.ideabobo.pojo.Params">
		insert into ${tables}
		<foreach collection="insertMap.keys" item="k" open="("
			separator="," close=")">
			<if test="null != insertMap[k]">${k}</if>
		</foreach>
		values
		<foreach collection="bacthInsertMap" item="item" index="index" separator=",">
			<foreach collection="item.values" item="v" open="("
				separator="," close=")">
				#{v}
			</foreach>
		</foreach>
	</insert>
	
	<delete id="batchDelete" parameterType="com.ideabobo.pojo.Params">
		DELETE FROM ${tables} WHERE ${deleteCoulumnName}
		<foreach collection="deleteList" item="id" index="index"
           open="IN(" close=")" separator=",">
           #{id}
        </foreach>
	</delete>
	
</mapper>
