<?xml version="1.0" encoding="UTF-8"?>
<!DOCTYPE mapper PUBLIC "-//mybatis.org//DTD Mapper 3.0//EN" "http://mybatis.org/dtd/mybatis-3-mapper.dtd">
<mapper namespace="com.ideabobo.service.KakouMapper">
  <resultMap id="BaseResultMap" type="com.ideabobo.model.Kakou">
    <id column="id" jdbcType="INTEGER" property="id" />
    <result column="note" jdbcType="VARCHAR" property="note" />
    <result column="uid" jdbcType="VARCHAR" property="uid" />
    <result column="username" jdbcType="VARCHAR" property="username" />
    <result column="ndate" jdbcType="VARCHAR" property="ndate" />
  </resultMap>
  <sql id="Base_Column_List">
    id, note, uid, username, ndate
  </sql>
  <select id="selectByPrimaryKey" parameterType="java.lang.Integer" resultMap="BaseResultMap">
    select 
    <include refid="Base_Column_List" />
    from wct_kakou
    where id = #{id,jdbcType=INTEGER}
  </select>
  <delete id="deleteByPrimaryKey" parameterType="java.lang.Integer">
    delete from wct_kakou
    where id = #{id,jdbcType=INTEGER}
  </delete>
  <insert id="insert" parameterType="com.ideabobo.model.Kakou">
    insert into wct_kakou (id, note, uid, 
      username, ndate)
    values (#{id,jdbcType=INTEGER}, #{note,jdbcType=VARCHAR}, #{uid,jdbcType=VARCHAR}, 
      #{username,jdbcType=VARCHAR}, #{ndate,jdbcType=VARCHAR})
  </insert>
  <insert id="insertSelective" parameterType="com.ideabobo.model.Kakou">
    insert into wct_kakou
    <trim prefix="(" suffix=")" suffixOverrides=",">
      <if test="id != null">
        id,
      </if>
      <if test="note != null">
        note,
      </if>
      <if test="uid != null">
        uid,
      </if>
      <if test="username != null">
        username,
      </if>
      <if test="ndate != null">
        ndate,
      </if>
    </trim>
    <trim prefix="values (" suffix=")" suffixOverrides=",">
      <if test="id != null">
        #{id,jdbcType=INTEGER},
      </if>
      <if test="note != null">
        #{note,jdbcType=VARCHAR},
      </if>
      <if test="uid != null">
        #{uid,jdbcType=VARCHAR},
      </if>
      <if test="username != null">
        #{username,jdbcType=VARCHAR},
      </if>
      <if test="ndate != null">
        #{ndate,jdbcType=VARCHAR},
      </if>
    </trim>
  </insert>
  <update id="updateByPrimaryKeySelective" parameterType="com.ideabobo.model.Kakou">
    update wct_kakou
    <set>
      <if test="note != null">
        note = #{note,jdbcType=VARCHAR},
      </if>
      <if test="uid != null">
        uid = #{uid,jdbcType=VARCHAR},
      </if>
      <if test="username != null">
        username = #{username,jdbcType=VARCHAR},
      </if>
      <if test="ndate != null">
        ndate = #{ndate,jdbcType=VARCHAR},
      </if>
    </set>
    where id = #{id,jdbcType=INTEGER}
  </update>
  <update id="updateByPrimaryKey" parameterType="com.ideabobo.model.Kakou">
    update wct_kakou
    set note = #{note,jdbcType=VARCHAR},
      uid = #{uid,jdbcType=VARCHAR},
      username = #{username,jdbcType=VARCHAR},
      ndate = #{ndate,jdbcType=VARCHAR}
    where id = #{id,jdbcType=INTEGER}
  </update>
</mapper>