<?xml version="1.0" encoding="UTF-8"?>
<!DOCTYPE mapper PUBLIC "-//mybatis.org//DTD Mapper 3.0//EN" "http://mybatis.org/dtd/mybatis-3-mapper.dtd">
<mapper namespace="com.ideabobo.service.NoticeMapper">
  <resultMap id="BaseResultMap" type="com.ideabobo.model.Notice">
    <id column="id" jdbcType="INTEGER" property="id" />
    <result column="title" jdbcType="VARCHAR" property="title" />
    <result column="note" jdbcType="VARCHAR" property="note" />
    <result column="ndate" jdbcType="VARCHAR" property="ndate" />
    <result column="type" jdbcType="VARCHAR" property="type" />
    <result column="img" jdbcType="VARCHAR" property="img" />
  </resultMap>
  <sql id="Base_Column_List">
    id, title, note, ndate, type, img
  </sql>
  <select id="selectByPrimaryKey" parameterType="java.lang.Integer" resultMap="BaseResultMap">
    select 
    <include refid="Base_Column_List" />
    from wct_notice
    where id = #{id,jdbcType=INTEGER}
  </select>
  <delete id="deleteByPrimaryKey" parameterType="java.lang.Integer">
    delete from wct_notice
    where id = #{id,jdbcType=INTEGER}
  </delete>
  <insert id="insert" parameterType="com.ideabobo.model.Notice">
    insert into wct_notice (id, title, note, 
      ndate, type, img)
    values (#{id,jdbcType=INTEGER}, #{title,jdbcType=VARCHAR}, #{note,jdbcType=VARCHAR}, 
      #{ndate,jdbcType=VARCHAR}, #{type,jdbcType=VARCHAR}, #{img,jdbcType=VARCHAR})
  </insert>
  <insert id="insertSelective" parameterType="com.ideabobo.model.Notice">
    insert into wct_notice
    <trim prefix="(" suffix=")" suffixOverrides=",">
      <if test="id != null">
        id,
      </if>
      <if test="title != null">
        title,
      </if>
      <if test="note != null">
        note,
      </if>
      <if test="ndate != null">
        ndate,
      </if>
      <if test="type != null">
        type,
      </if>
      <if test="img != null">
        img,
      </if>
    </trim>
    <trim prefix="values (" suffix=")" suffixOverrides=",">
      <if test="id != null">
        #{id,jdbcType=INTEGER},
      </if>
      <if test="title != null">
        #{title,jdbcType=VARCHAR},
      </if>
      <if test="note != null">
        #{note,jdbcType=VARCHAR},
      </if>
      <if test="ndate != null">
        #{ndate,jdbcType=VARCHAR},
      </if>
      <if test="type != null">
        #{type,jdbcType=VARCHAR},
      </if>
      <if test="img != null">
        #{img,jdbcType=VARCHAR},
      </if>
    </trim>
  </insert>
  <update id="updateByPrimaryKeySelective" parameterType="com.ideabobo.model.Notice">
    update wct_notice
    <set>
      <if test="title != null">
        title = #{title,jdbcType=VARCHAR},
      </if>
      <if test="note != null">
        note = #{note,jdbcType=VARCHAR},
      </if>
      <if test="ndate != null">
        ndate = #{ndate,jdbcType=VARCHAR},
      </if>
      <if test="type != null">
        type = #{type,jdbcType=VARCHAR},
      </if>
      <if test="img != null">
        img = #{img,jdbcType=VARCHAR},
      </if>
    </set>
    where id = #{id,jdbcType=INTEGER}
  </update>
  <update id="updateByPrimaryKey" parameterType="com.ideabobo.model.Notice">
    update wct_notice
    set title = #{title,jdbcType=VARCHAR},
      note = #{note,jdbcType=VARCHAR},
      ndate = #{ndate,jdbcType=VARCHAR},
      type = #{type,jdbcType=VARCHAR},
      img = #{img,jdbcType=VARCHAR}
    where id = #{id,jdbcType=INTEGER}
  </update>
</mapper>