<?xml version="1.0" encoding="UTF-8"?>
<!DOCTYPE mapper PUBLIC "-//mybatis.org//DTD Mapper 3.0//EN" "http://mybatis.org/dtd/mybatis-3-mapper.dtd">
<mapper namespace="com.ideabobo.service.ShiduanMapper">
  <resultMap id="BaseResultMap" type="com.ideabobo.model.Shiduan">
    <id column="id" jdbcType="INTEGER" property="id" />
    <result column="title" jdbcType="VARCHAR" property="title" />
    <result column="pid" jdbcType="VARCHAR" property="pid" />
    <result column="note" jdbcType="VARCHAR" property="note" />
    <result column="ndate" jdbcType="VARCHAR" property="ndate" />
  </resultMap>
  <sql id="Base_Column_List">
    id, title, pid, note, ndate
  </sql>
  <select id="selectByPrimaryKey" parameterType="java.lang.Integer" resultMap="BaseResultMap">
    select 
    <include refid="Base_Column_List" />
    from wct_shiduan
    where id = #{id,jdbcType=INTEGER}
  </select>
  <delete id="deleteByPrimaryKey" parameterType="java.lang.Integer">
    delete from wct_shiduan
    where id = #{id,jdbcType=INTEGER}
  </delete>
  <insert id="insert" parameterType="com.ideabobo.model.Shiduan">
    insert into wct_shiduan (id, title, pid, 
      note, ndate)
    values (#{id,jdbcType=INTEGER}, #{title,jdbcType=VARCHAR}, #{pid,jdbcType=VARCHAR}, 
      #{note,jdbcType=VARCHAR}, #{ndate,jdbcType=VARCHAR})
  </insert>
  <insert id="insertSelective" parameterType="com.ideabobo.model.Shiduan">
    insert into wct_shiduan
    <trim prefix="(" suffix=")" suffixOverrides=",">
      <if test="id != null">
        id,
      </if>
      <if test="title != null">
        title,
      </if>
      <if test="pid != null">
        pid,
      </if>
      <if test="note != null">
        note,
      </if>
      <if test="ndate != null">
        ndate,
      </if>
    </trim>
    <trim prefix="values (" suffix=")" suffixOverrides=",">
      <if test="id != null">
        #{id,jdbcType=INTEGER},
      </if>
      <if test="title != null">
        #{title,jdbcType=VARCHAR},
      </if>
      <if test="pid != null">
        #{pid,jdbcType=VARCHAR},
      </if>
      <if test="note != null">
        #{note,jdbcType=VARCHAR},
      </if>
      <if test="ndate != null">
        #{ndate,jdbcType=VARCHAR},
      </if>
    </trim>
  </insert>
  <update id="updateByPrimaryKeySelective" parameterType="com.ideabobo.model.Shiduan">
    update wct_shiduan
    <set>
      <if test="title != null">
        title = #{title,jdbcType=VARCHAR},
      </if>
      <if test="pid != null">
        pid = #{pid,jdbcType=VARCHAR},
      </if>
      <if test="note != null">
        note = #{note,jdbcType=VARCHAR},
      </if>
      <if test="ndate != null">
        ndate = #{ndate,jdbcType=VARCHAR},
      </if>
    </set>
    where id = #{id,jdbcType=INTEGER}
  </update>
  <update id="updateByPrimaryKey" parameterType="com.ideabobo.model.Shiduan">
    update wct_shiduan
    set title = #{title,jdbcType=VARCHAR},
      pid = #{pid,jdbcType=VARCHAR},
      note = #{note,jdbcType=VARCHAR},
      ndate = #{ndate,jdbcType=VARCHAR}
    where id = #{id,jdbcType=INTEGER}
  </update>
</mapper>