<?xml version="1.0" encoding="UTF-8"?>
<!DOCTYPE mapper PUBLIC "-//mybatis.org//DTD Mapper 3.0//EN" "http://mybatis.org/dtd/mybatis-3-mapper.dtd">
<mapper namespace="com.ideabobo.service.UserMapper">
  <resultMap id="BaseResultMap" type="com.ideabobo.model.User">
    <id column="id" jdbcType="INTEGER" property="id" />
    <result column="username" jdbcType="VARCHAR" property="username" />
    <result column="passwd" jdbcType="VARCHAR" property="passwd" />
    <result column="roletype" jdbcType="VARCHAR" property="roletype" />
    <result column="email" jdbcType="VARCHAR" property="email" />
    <result column="tel" jdbcType="VARCHAR" property="tel" />
    <result column="sex" jdbcType="VARCHAR" property="sex" />
    <result column="birth" jdbcType="VARCHAR" property="birth" />
    <result column="img" jdbcType="VARCHAR" property="img" />
    <result column="favs" jdbcType="VARCHAR" property="favs" />
    <result column="openid" jdbcType="VARCHAR" property="openid" />
    <result column="jifen" jdbcType="INTEGER" property="jifen" />
    <result column="fname" jdbcType="VARCHAR" property="fname" />
    <result column="banji" jdbcType="VARCHAR" property="banji" />
    <result column="xueyuan" jdbcType="VARCHAR" property="xueyuan" />
    <result column="xuehao" jdbcType="VARCHAR" property="xuehao" />
    <result column="idcard" jdbcType="VARCHAR" property="idcard" />
  </resultMap>
  <sql id="Base_Column_List">
    id, username, passwd, roletype, email, tel, sex, birth, img, favs, openid, jifen, 
    fname, banji, xueyuan, xuehao, idcard
  </sql>
  <select id="selectByPrimaryKey" parameterType="java.lang.Integer" resultMap="BaseResultMap">
    select 
    <include refid="Base_Column_List" />
    from wct_user
    where id = #{id,jdbcType=INTEGER}
  </select>
  <delete id="deleteByPrimaryKey" parameterType="java.lang.Integer">
    delete from wct_user
    where id = #{id,jdbcType=INTEGER}
  </delete>
  <insert id="insert" parameterType="com.ideabobo.model.User">
    insert into wct_user (id, username, passwd, 
      roletype, email, tel, 
      sex, birth, img, favs, 
      openid, jifen, fname, 
      banji, xueyuan, xuehao, 
      idcard)
    values (#{id,jdbcType=INTEGER}, #{username,jdbcType=VARCHAR}, #{passwd,jdbcType=VARCHAR}, 
      #{roletype,jdbcType=VARCHAR}, #{email,jdbcType=VARCHAR}, #{tel,jdbcType=VARCHAR}, 
      #{sex,jdbcType=VARCHAR}, #{birth,jdbcType=VARCHAR}, #{img,jdbcType=VARCHAR}, #{favs,jdbcType=VARCHAR}, 
      #{openid,jdbcType=VARCHAR}, #{jifen,jdbcType=INTEGER}, #{fname,jdbcType=VARCHAR}, 
      #{banji,jdbcType=VARCHAR}, #{xueyuan,jdbcType=VARCHAR}, #{xuehao,jdbcType=VARCHAR}, 
      #{idcard,jdbcType=VARCHAR})
  </insert>
  <insert id="insertSelective" parameterType="com.ideabobo.model.User">
    insert into wct_user
    <trim prefix="(" suffix=")" suffixOverrides=",">
      <if test="id != null">
        id,
      </if>
      <if test="username != null">
        username,
      </if>
      <if test="passwd != null">
        passwd,
      </if>
      <if test="roletype != null">
        roletype,
      </if>
      <if test="email != null">
        email,
      </if>
      <if test="tel != null">
        tel,
      </if>
      <if test="sex != null">
        sex,
      </if>
      <if test="birth != null">
        birth,
      </if>
      <if test="img != null">
        img,
      </if>
      <if test="favs != null">
        favs,
      </if>
      <if test="openid != null">
        openid,
      </if>
      <if test="jifen != null">
        jifen,
      </if>
      <if test="fname != null">
        fname,
      </if>
      <if test="banji != null">
        banji,
      </if>
      <if test="xueyuan != null">
        xueyuan,
      </if>
      <if test="xuehao != null">
        xuehao,
      </if>
      <if test="idcard != null">
        idcard,
      </if>
    </trim>
    <trim prefix="values (" suffix=")" suffixOverrides=",">
      <if test="id != null">
        #{id,jdbcType=INTEGER},
      </if>
      <if test="username != null">
        #{username,jdbcType=VARCHAR},
      </if>
      <if test="passwd != null">
        #{passwd,jdbcType=VARCHAR},
      </if>
      <if test="roletype != null">
        #{roletype,jdbcType=VARCHAR},
      </if>
      <if test="email != null">
        #{email,jdbcType=VARCHAR},
      </if>
      <if test="tel != null">
        #{tel,jdbcType=VARCHAR},
      </if>
      <if test="sex != null">
        #{sex,jdbcType=VARCHAR},
      </if>
      <if test="birth != null">
        #{birth,jdbcType=VARCHAR},
      </if>
      <if test="img != null">
        #{img,jdbcType=VARCHAR},
      </if>
      <if test="favs != null">
        #{favs,jdbcType=VARCHAR},
      </if>
      <if test="openid != null">
        #{openid,jdbcType=VARCHAR},
      </if>
      <if test="jifen != null">
        #{jifen,jdbcType=INTEGER},
      </if>
      <if test="fname != null">
        #{fname,jdbcType=VARCHAR},
      </if>
      <if test="banji != null">
        #{banji,jdbcType=VARCHAR},
      </if>
      <if test="xueyuan != null">
        #{xueyuan,jdbcType=VARCHAR},
      </if>
      <if test="xuehao != null">
        #{xuehao,jdbcType=VARCHAR},
      </if>
      <if test="idcard != null">
        #{idcard,jdbcType=VARCHAR},
      </if>
    </trim>
  </insert>
  <update id="updateByPrimaryKeySelective" parameterType="com.ideabobo.model.User">
    update wct_user
    <set>
      <if test="username != null">
        username = #{username,jdbcType=VARCHAR},
      </if>
      <if test="passwd != null">
        passwd = #{passwd,jdbcType=VARCHAR},
      </if>
      <if test="roletype != null">
        roletype = #{roletype,jdbcType=VARCHAR},
      </if>
      <if test="email != null">
        email = #{email,jdbcType=VARCHAR},
      </if>
      <if test="tel != null">
        tel = #{tel,jdbcType=VARCHAR},
      </if>
      <if test="sex != null">
        sex = #{sex,jdbcType=VARCHAR},
      </if>
      <if test="birth != null">
        birth = #{birth,jdbcType=VARCHAR},
      </if>
      <if test="img != null">
        img = #{img,jdbcType=VARCHAR},
      </if>
      <if test="favs != null">
        favs = #{favs,jdbcType=VARCHAR},
      </if>
      <if test="openid != null">
        openid = #{openid,jdbcType=VARCHAR},
      </if>
      <if test="jifen != null">
        jifen = #{jifen,jdbcType=INTEGER},
      </if>
      <if test="fname != null">
        fname = #{fname,jdbcType=VARCHAR},
      </if>
      <if test="banji != null">
        banji = #{banji,jdbcType=VARCHAR},
      </if>
      <if test="xueyuan != null">
        xueyuan = #{xueyuan,jdbcType=VARCHAR},
      </if>
      <if test="xuehao != null">
        xuehao = #{xuehao,jdbcType=VARCHAR},
      </if>
      <if test="idcard != null">
        idcard = #{idcard,jdbcType=VARCHAR},
      </if>
    </set>
    where id = #{id,jdbcType=INTEGER}
  </update>
  <update id="updateByPrimaryKey" parameterType="com.ideabobo.model.User">
    update wct_user
    set username = #{username,jdbcType=VARCHAR},
      passwd = #{passwd,jdbcType=VARCHAR},
      roletype = #{roletype,jdbcType=VARCHAR},
      email = #{email,jdbcType=VARCHAR},
      tel = #{tel,jdbcType=VARCHAR},
      sex = #{sex,jdbcType=VARCHAR},
      birth = #{birth,jdbcType=VARCHAR},
      img = #{img,jdbcType=VARCHAR},
      favs = #{favs,jdbcType=VARCHAR},
      openid = #{openid,jdbcType=VARCHAR},
      jifen = #{jifen,jdbcType=INTEGER},
      fname = #{fname,jdbcType=VARCHAR},
      banji = #{banji,jdbcType=VARCHAR},
      xueyuan = #{xueyuan,jdbcType=VARCHAR},
      xuehao = #{xuehao,jdbcType=VARCHAR},
      idcard = #{idcard,jdbcType=VARCHAR}
    where id = #{id,jdbcType=INTEGER}
  </update>
</mapper>